sex,country,sport,medal
M,Belgium,Cycling Road,Gold Medal
M,Italy,Cycling Road,Silver Medal
M,Belgium,Cycling Road,Bronze Medal
W,Australia,Cycling Road,Gold Medal
W,Great Britain,Cycling Road,Silver Medal
W,United States,Cycling Road,Bronze Medal
W,China,Diving,Gold Medal
W,United States,Diving,Silver Medal
W,Great Britain,Diving,Bronze Medal
M,Korea,Fencing,Gold Medal
M,Tunisia,Fencing,Silver Medal
M,Italy,Fencing,Bronze Medal
W,"Hong Kong, China",Fencing,Gold Medal
W,France,Fencing,Silver Medal
W,Hungary,Fencing,Bronze Medal
M,Kazakhstan,Judo,Gold Medal
M,France,Judo,Silver Medal
M,Japan,Judo,Bronze Medal
M,Spain,Judo,Bronze Medal
W,Japan,Judo,Gold Medal
W,Mongolia,Judo,Silver Medal
W,France,Judo,Bronze Medal
W,Sweden,Judo,Bronze Medal
M,France,Rugby Sevens,Gold Medal
M,Fiji,Rugby Sevens,Silver Medal
M,South Africa,Rugby Sevens,Bronze Medal
X,China,Shooting,Gold Medal
X,Korea,Shooting,Silver Medal
X,Kazakhstan,Shooting,Bronze Medal
M,United States,Swimming,Gold Medal
M,Australia,Swimming,Silver Medal
M,Italy,Swimming,Bronze Medal
M,Germany,Swimming,Gold Medal
M,Australia,Swimming,Silver Medal
M,Korea,Swimming,Bronze Medal
W,Australia,Swimming,Gold Medal
W,United States,Swimming,Silver Medal
W,China,Swimming,Bronze Medal
W,Australia,Swimming,Gold Medal
W,Canada,Swimming,Silver Medal
W,United States,Swimming,Bronze Medal
W,Korea,Archery,Gold Medal
W,China,Archery,Silver Medal
W,Mexico,Archery,Bronze Medal
W,Australia,Canoe Slalom,Gold Medal
W,Poland,Canoe Slalom,Silver Medal
W,Great Britain,Canoe Slalom,Bronze Medal
W,France,Cycling Mountain Bike,Gold Medal
W,United States,Cycling Mountain Bike,Silver Medal
W,Sweden,Cycling Mountain Bike,Bronze Medal
M,Japan,Fencing,Gold Medal
M,France,Fencing,Silver Medal
M,Egypt,Fencing,Bronze Medal
W,United States,Fencing,Gold Medal
W,United States,Fencing,Silver Medal
W,Canada,Fencing,Bronze Medal
M,Japan,Judo,Gold Medal
M,Brazil,Judo,Silver Medal
M,Kazakhstan,Judo,Bronze Medal
M,Republic of Moldova,Judo,Bronze Medal
W,Uzbekistan,Judo,Gold Medal
W,Kosovo,Judo,Silver Medal
W,Brazil,Judo,Bronze Medal
W,France,Judo,Bronze Medal
M,China,Shooting,Gold Medal
M,Italy,Shooting,Silver Medal
M,Italy,Shooting,Bronze Medal
W,Korea,Shooting,Gold Medal
W,Korea,Shooting,Silver Medal
W,India,Shooting,Bronze Medal
W,Japan,Skateboarding,Gold Medal
W,Japan,Skateboarding,Silver Medal
W,Brazil,Skateboarding,Bronze Medal
M,Italy,Swimming,Gold Medal
M,Great Britain,Swimming,Silver Medal
M,United States,Swimming,Silver Medal
M,France,Swimming,Gold Medal
M,Japan,Swimming,Silver Medal
M,United States,Swimming,Bronze Medal
W,United States,Swimming,Gold Medal
W,United States,Swimming,Silver Medal
W,China,Swimming,Bronze Medal
M,Korea,Archery,Gold Medal
M,France,Archery,Silver Medal
M,Türkiye,Archery,Bronze Medal
M,Japan,Artistic Gymnastics,Gold Medal
M,China,Artistic Gymnastics,Silver Medal
M,United States,Artistic Gymnastics,Bronze Medal
M,France,Canoe Slalom,Gold Medal
M,Great Britain,Canoe Slalom,Silver Medal
M,Slovakia,Canoe Slalom,Bronze Medal
M,Great Britain,Cycling Mountain Bike,Gold Medal
M,France,Cycling Mountain Bike,Silver Medal
M,South Africa,Cycling Mountain Bike,Bronze Medal
M,China,Diving,Gold Medal
M,Great Britain,Diving,Silver Medal
M,Canada,Diving,Bronze Medal
O,Germany,Equestrian,Gold Medal
O,Australia,Equestrian,Silver Medal
O,Great Britain,Equestrian,Bronze Medal
O,Great Britain,Equestrian,Gold Medal
O,France,Equestrian,Silver Medal
O,Japan,Equestrian,Bronze Medal
M,"Hong Kong, China",Fencing,Gold Medal
M,Italy,Fencing,Silver Medal
M,United States,Fencing,Bronze Medal
W,France,Fencing,Gold Medal
W,France,Fencing,Silver Medal
W,Ukraine,Fencing,Bronze Medal
M,Azerbaijan,Judo,Gold Medal
M,France,Judo,Silver Medal
M,Republic of Moldova,Judo,Bronze Medal
M,Japan,Judo,Bronze Medal
W,Canada,Judo,Gold Medal
W,Korea,Judo,Silver Medal
W,Japan,Judo,Bronze Medal
W,France,Judo,Bronze Medal
M,China,Shooting,Gold Medal
M,Sweden,Shooting,Silver Medal
M,Croatia,Shooting,Bronze Medal
W,Korea,Shooting,Gold Medal
W,China,Shooting,Silver Medal
W,Switzerland,Shooting,Bronze Medal
M,Japan,Skateboarding,Gold Medal
M,United States,Skateboarding,Silver Medal
M,United States,Skateboarding,Bronze Medal
M,Italy,Swimming,Gold Medal
M,China,Swimming,Silver Medal
M,United States,Swimming,Bronze Medal
M,Romania,Swimming,Gold Medal
M,Great Britain,Swimming,Silver Medal
M,United States,Swimming,Bronze Medal
W,South Africa,Swimming,Gold Medal
W,China,Swimming,Silver Medal
W,Ireland,Swimming,Bronze Medal
W,Australia,Swimming,Gold Medal
W,Australia,Swimming,Silver Medal
W,"Hong Kong, China",Swimming,Bronze Medal
W,Canada,Swimming,Gold Medal
W,United States,Swimming,Silver Medal
W,United States,Swimming,Bronze Medal
W,United States,Artistic Gymnastics,Gold Medal
W,Italy,Artistic Gymnastics,Silver Medal
W,Brazil,Artistic Gymnastics,Bronze Medal
W,Italy,Fencing,Gold Medal
W,France,Fencing,Silver Medal
W,Poland,Fencing,Bronze Medal
M,Japan,Judo,Gold Medal
M,Georgia,Judo,Silver Medal
M,Korea,Judo,Bronze Medal
M,Tajikistan,Judo,Bronze Medal
W,Slovenia,Judo,Gold Medal
W,Mexico,Judo,Silver Medal
W,France,Judo,Bronze Medal
W,Kosovo,Judo,Bronze Medal
W,New Zealand,Rugby Sevens,Gold Medal
W,Canada,Rugby Sevens,Silver Medal
W,United States,Rugby Sevens,Bronze Medal
X,Serbia,Shooting,Gold Medal
X,Türkiye,Shooting,Silver Medal
X,India,Shooting,Bronze Medal
M,Great Britain,Shooting,Gold Medal
M,China,Shooting,Silver Medal
M,Guatemala,Shooting,Bronze Medal
M,Great Britain,Swimming,Gold Medal
M,United States,Swimming,Silver Medal
M,Australia,Swimming,Bronze Medal
M,Ireland,Swimming,Gold Medal
M,United States,Swimming,Silver Medal
M,Italy,Swimming,Bronze Medal
W,Australia,Swimming,Gold Medal
W,United States,Swimming,Silver Medal
W,United States,Swimming,Bronze Medal
X,China,Table Tennis,Gold Medal
X,DPR Korea,Table Tennis,Silver Medal
X,Korea,Table Tennis,Bronze Medal
M,Japan,Artistic Gymnastics,Gold Medal
M,China,Artistic Gymnastics,Silver Medal
M,China,Artistic Gymnastics,Bronze Medal
W,Australia,Canoe Slalom,Gold Medal
W,Germany,Canoe Slalom,Silver Medal
W,United States,Canoe Slalom,Bronze Medal
M,Argentina,Cycling BMX Freestyle,Gold Medal
M,Great Britain,Cycling BMX Freestyle,Silver Medal
M,France,Cycling BMX Freestyle,Bronze Medal
W,China,Cycling BMX Freestyle,Gold Medal
W,United States,Cycling BMX Freestyle,Silver Medal
W,Australia,Cycling BMX Freestyle,Bronze Medal
W,China,Diving,Gold Medal
W,DPR Korea,Diving,Silver Medal
W,Great Britain,Diving,Bronze Medal
M,Korea,Fencing,Gold Medal
M,Hungary,Fencing,Silver Medal
M,France,Fencing,Bronze Medal
M,Georgia,Judo,Gold Medal
M,Japan,Judo,Silver Medal
M,France,Judo,Bronze Medal
M,Greece,Judo,Bronze Medal
W,Croatia,Judo,Gold Medal
W,Germany,Judo,Silver Medal
W,Austria,Judo,Bronze Medal
W,Belgium,Judo,Bronze Medal
M,Netherlands,Rowing,Gold Medal
M,Italy,Rowing,Silver Medal
M,Poland,Rowing,Bronze Medal
W,Great Britain,Rowing,Gold Medal
W,Netherlands,Rowing,Silver Medal
W,Germany,Rowing,Bronze Medal
W,Guatemala,Shooting,Gold Medal
W,Italy,Shooting,Silver Medal
W,Australia,Shooting,Bronze Medal
M,China,Swimming,Gold Medal
M,Australia,Swimming,Silver Medal
M,Romania,Swimming,Bronze Medal
M,France,Swimming,Gold Medal
M,Australia,Swimming,Silver Medal
M,Netherlands,Swimming,Bronze Medal
M,France,Swimming,Gold Medal
M,Hungary,Swimming,Silver Medal
M,Canada,Swimming,Bronze Medal
W,Sweden,Swimming,Gold Medal
W,United States,Swimming,Silver Medal
W,"Hong Kong, China",Swimming,Bronze Medal
W,United States,Swimming,Gold Medal
W,France,Swimming,Silver Medal
W,Germany,Swimming,Bronze Medal
M,Great Britain,Triathlon,Gold Medal
M,New Zealand,Triathlon,Silver Medal
M,France,Triathlon,Bronze Medal
W,France,Triathlon,Gold Medal
W,Switzerland,Triathlon,Silver Medal
W,Great Britain,Triathlon,Bronze Medal
W,United States,Artistic Gymnastics,Gold Medal
W,Brazil,Artistic Gymnastics,Silver Medal
W,United States,Artistic Gymnastics,Bronze Medal
M,Ecuador,Athletics,Gold Medal
M,Brazil,Athletics,Silver Medal
M,Spain,Athletics,Bronze Medal
W,China,Athletics,Gold Medal
W,Spain,Athletics,Silver Medal
W,Australia,Athletics,Bronze Medal
M,Italy,Canoe Slalom,Gold Medal
M,France,Canoe Slalom,Silver Medal
M,Spain,Canoe Slalom,Bronze Medal
W,United States,Fencing,Gold Medal
W,Italy,Fencing,Silver Medal
W,Japan,Fencing,Bronze Medal
M,Azerbaijan,Judo,Gold Medal
M,Georgia,Judo,Silver Medal
M,Israel,Judo,Bronze Medal
M,Uzbekistan,Judo,Bronze Medal
W,Italy,Judo,Gold Medal
W,Israel,Judo,Silver Medal
W,China,Judo,Bronze Medal
W,Portugal,Judo,Bronze Medal
M,Romania,Rowing,Gold Medal
M,Netherlands,Rowing,Silver Medal
M,Ireland,Rowing,Bronze Medal
M,United States,Rowing,Gold Medal
M,New Zealand,Rowing,Silver Medal
M,Great Britain,Rowing,Bronze Medal
W,New Zealand,Rowing,Gold Medal
W,Romania,Rowing,Silver Medal
W,Great Britain,Rowing,Bronze Medal
W,Netherlands,Rowing,Gold Medal
W,Great Britain,Rowing,Silver Medal
W,New Zealand,Rowing,Bronze Medal
M,China,Shooting,Gold Medal
M,Ukraine,Shooting,Silver Medal
M,India,Shooting,Bronze Medal
M,Hungary,Swimming,Gold Medal
M,Greece,Swimming,Silver Medal
M,Switzerland,Swimming,Bronze Medal
W,United States,Swimming,Gold Medal
W,South Africa,Swimming,Silver Medal
W,Netherlands,Swimming,Bronze Medal
W,Canada,Swimming,Gold Medal
W,United States,Swimming,Silver Medal
W,China,Swimming,Bronze Medal
W,Australia,Swimming,Gold Medal
W,United States,Swimming,Silver Medal
W,China,Swimming,Bronze Medal
X,Korea,Archery,Gold Medal
X,Germany,Archery,Silver Medal
X,United States,Archery,Bronze Medal
M,Uganda,Athletics,Gold Medal
M,Ethiopia,Athletics,Silver Medal
M,United States,Athletics,Bronze Medal
X,China,Badminton,Gold Medal
X,Korea,Badminton,Silver Medal
X,Japan,Badminton,Bronze Medal
M,France,Cycling BMX Racing,Gold Medal
M,France,Cycling BMX Racing,Silver Medal
M,France,Cycling BMX Racing,Bronze Medal
W,Australia,Cycling BMX Racing,Gold Medal
W,Netherlands,Cycling BMX Racing,Silver Medal
W,Switzerland,Cycling BMX Racing,Bronze Medal
M,China,Diving,Gold Medal
M,Mexico,Diving,Silver Medal
M,Great Britain,Diving,Bronze Medal
O,Great Britain,Equestrian,Gold Medal
O,United States,Equestrian,Silver Medal
O,France,Equestrian,Bronze Medal
M,Hungary,Fencing,Gold Medal
M,Japan,Fencing,Silver Medal
M,Czechia,Fencing,Bronze Medal
M,France,Judo,Gold Medal
M,Korea,Judo,Silver Medal
M,Tajikistan,Judo,Bronze Medal
M,Uzbekistan,Judo,Bronze Medal
W,Brazil,Judo,Gold Medal
W,Israel,Judo,Silver Medal
W,Korea,Judo,Bronze Medal
W,France,Judo,Bronze Medal
M,Ireland,Rowing,Gold Medal
M,Italy,Rowing,Silver Medal
M,Greece,Rowing,Bronze Medal
W,Great Britain,Rowing,Gold Medal
W,Romania,Rowing,Silver Medal
W,Greece,Rowing,Bronze Medal
M,Croatia,Rowing,Gold Medal
M,Great Britain,Rowing,Silver Medal
M,Switzerland,Rowing,Bronze Medal
W,Netherlands,Rowing,Gold Medal
W,Romania,Rowing,Silver Medal
W,Australia,Rowing,Bronze Medal
M,Spain,Sailing,Gold Medal
M,New Zealand,Sailing,Silver Medal
M,United States,Sailing,Bronze Medal
W,Netherlands,Sailing,Gold Medal
W,Sweden,Sailing,Silver Medal
W,France,Sailing,Bronze Medal
W,Switzerland,Shooting,Gold Medal
W,United States,Shooting,Silver Medal
W,China,Shooting,Bronze Medal
M,France,Swimming,Gold Medal
M,Great Britain,Swimming,Silver Medal
M,China,Swimming,Bronze Medal
M,Australia,Swimming,Gold Medal
M,Great Britain,Swimming,Silver Medal
M,France,Swimming,Bronze Medal
W,Australia,Swimming,Gold Medal
W,United States,Swimming,Silver Medal
W,Canada,Swimming,Bronze Medal
X,Czechia,Tennis,Gold Medal
X,China,Tennis,Silver Medal
X,Canada,Tennis,Bronze Medal
W,Poland,Tennis,Bronze Medal
M,AIN,Trampoline Gymnastics,Gold Medal
M,China,Trampoline Gymnastics,Silver Medal
M,China,Trampoline Gymnastics,Bronze Medal
W,Great Britain,Trampoline Gymnastics,Gold Medal
W,AIN,Trampoline Gymnastics,Silver Medal
W,Canada,Trampoline Gymnastics,Bronze Medal
W,Korea,Archery,Gold Medal
W,Korea,Archery,Silver Medal
W,France,Archery,Bronze Medal
M,Philippines,Artistic Gymnastics,Gold Medal
M,Israel,Artistic Gymnastics,Silver Medal
M,Great Britain,Artistic Gymnastics,Bronze Medal
M,Ireland,Artistic Gymnastics,Gold Medal
M,Kazakhstan,Artistic Gymnastics,Silver Medal
M,United States,Artistic Gymnastics,Bronze Medal
W,United States,Artistic Gymnastics,Gold Medal
W,Brazil,Artistic Gymnastics,Silver Medal
W,United States,Artistic Gymnastics,Bronze Medal
X,Netherlands,Athletics,Gold Medal
X,United States,Athletics,Silver Medal
X,Great Britain,Athletics,Bronze Medal
M,Norway,Athletics,Gold Medal
M,Germany,Athletics,Silver Medal
M,Grenada,Athletics,Bronze Medal
M,United States,Athletics,Gold Medal
M,United States,Athletics,Silver Medal
M,Jamaica,Athletics,Bronze Medal
W,Saint Lucia,Athletics,Gold Medal
W,United States,Athletics,Silver Medal
W,United States,Athletics,Bronze Medal
W,Dominica,Athletics,Gold Medal
W,Jamaica,Athletics,Silver Medal
W,United States,Athletics,Bronze Medal
W,China,Badminton,Gold Medal
W,China,Badminton,Silver Medal
W,Japan,Badminton,Bronze Medal
W,Chinese Taipei,Boxing,Bronze Medal
W,Brazil,Boxing,Bronze Medal
M,Belgium,Cycling Road,Gold Medal
M,France,Cycling Road,Silver Medal
M,France,Cycling Road,Bronze Medal
O,Germany,Equestrian,Gold Medal
O,Denmark,Equestrian,Silver Medal
O,Great Britain,Equestrian,Bronze Medal
W,Ukraine,Fencing,Gold Medal
W,Korea,Fencing,Silver Medal
W,Japan,Fencing,Bronze Medal
X,France,Judo,Gold Medal
X,Japan,Judo,Silver Medal
X,Brazil,Judo,Bronze Medal
X,Korea,Judo,Bronze Medal
M,Great Britain,Rowing,Gold Medal
M,Netherlands,Rowing,Silver Medal
M,United States,Rowing,Bronze Medal
M,Germany,Rowing,Gold Medal
M,AIN,Rowing,Silver Medal
M,Netherlands,Rowing,Bronze Medal
W,Romania,Rowing,Gold Medal
W,Canada,Rowing,Silver Medal
W,Great Britain,Rowing,Bronze Medal
W,Netherlands,Rowing,Gold Medal
W,New Zealand,Rowing,Silver Medal
W,Lithuania,Rowing,Bronze Medal
M,Israel,Sailing,Gold Medal
M,Australia,Sailing,Silver Medal
M,Netherlands,Sailing,Bronze Medal
W,Italy,Sailing,Gold Medal
W,Israel,Sailing,Silver Medal
W,Great Britain,Sailing,Bronze Medal
W,Korea,Shooting,Gold Medal
W,France,Shooting,Silver Medal
W,Hungary,Shooting,Bronze Medal
M,United States,Shooting,Gold Medal
M,United States,Shooting,Silver Medal
M,Chinese Taipei,Shooting,Bronze Medal
M,Hungary,Swimming,Gold Medal
M,Canada,Swimming,Silver Medal
M,Canada,Swimming,Bronze Medal
X,United States,Swimming,Gold Medal
X,China,Swimming,Silver Medal
X,Australia,Swimming,Bronze Medal
W,Canada,Swimming,Gold Medal
W,United States,Swimming,Silver Medal
W,Australia,Swimming,Bronze Medal
W,United States,Swimming,Gold Medal
W,Australia,Swimming,Silver Medal
W,United States,Swimming,Bronze Medal
W,China,Table Tennis,Gold Medal
W,China,Table Tennis,Silver Medal
W,Japan,Table Tennis,Bronze Medal
M,Australia,Tennis,Gold Medal
M,United States,Tennis,Silver Medal
M,United States,Tennis,Bronze Medal
M,Italy,Tennis,Bronze Medal
W,China,Tennis,Gold Medal
W,Croatia,Tennis,Silver Medal
M,Korea,Archery,Gold Medal
M,United States,Archery,Silver Medal
M,Korea,Archery,Bronze Medal
M,China,Artistic Gymnastics,Gold Medal
M,China,Artistic Gymnastics,Silver Medal
M,Greece,Artistic Gymnastics,Bronze Medal
M,Philippines,Artistic Gymnastics,Gold Medal
M,Armenia,Artistic Gymnastics,Silver Medal
M,Great Britain,Artistic Gymnastics,Bronze Medal
W,Algeria,Artistic Gymnastics,Gold Medal
W,China,Artistic Gymnastics,Silver Medal
W,United States,Artistic Gymnastics,Bronze Medal
M,United States,Athletics,Gold Medal
M,Jamaica,Athletics,Silver Medal
M,United States,Athletics,Bronze Medal
M,Canada,Athletics,Gold Medal
M,Hungary,Athletics,Silver Medal
M,Ukraine,Athletics,Bronze Medal
W,Ukraine,Athletics,Gold Medal
W,Australia,Athletics,Silver Medal
W,Ukraine,Athletics,Bronze Medal
W,Australia,Athletics,Bronze Medal
M,Chinese Taipei,Badminton,Gold Medal
M,China,Badminton,Silver Medal
M,Malaysia,Badminton,Bronze Medal
W,Indonesia,Badminton,Bronze Medal
M,Dominican Republic,Boxing,Bronze Medal
M,Cabo Verde,Boxing,Bronze Medal
M,Canada,Boxing,Bronze Medal
M,Georgia,Boxing,Bronze Medal
M,Dominican Republic,Boxing,Bronze Medal
M,Cuba,Boxing,Bronze Medal
M,Spain,Boxing,Bronze Medal
M,Tajikistan,Boxing,Bronze Medal
W,DPR Korea,Boxing,Bronze Medal
W,Korea,Boxing,Bronze Medal
W,United States,Cycling Road,Gold Medal
W,Netherlands,Cycling Road,Silver Medal
W,Belgium,Cycling Road,Bronze Medal
O,Germany,Equestrian,Gold Medal
O,Germany,Equestrian,Silver Medal
O,Great Britain,Equestrian,Bronze Medal
M,Japan,Fencing,Gold Medal
M,Italy,Fencing,Silver Medal
M,France,Fencing,Bronze Medal
M,United States,Golf,Gold Medal
M,Great Britain,Golf,Silver Medal
M,Japan,Golf,Bronze Medal
W,Chile,Shooting,Gold Medal
W,Great Britain,Shooting,Silver Medal
W,United States,Shooting,Bronze Medal
M,United States,Swimming,Gold Medal
M,Italy,Swimming,Silver Medal
M,Ireland,Swimming,Bronze Medal
M,China,Swimming,Gold Medal
M,United States,Swimming,Silver Medal
M,France,Swimming,Bronze Medal
W,United States,Swimming,Gold Medal
W,Australia,Swimming,Silver Medal
W,China,Swimming,Bronze Medal
W,Sweden,Swimming,Gold Medal
W,Australia,Swimming,Silver Medal
W,China,Swimming,Bronze Medal
M,China,Table Tennis,Gold Medal
M,Sweden,Table Tennis,Silver Medal
M,France,Table Tennis,Bronze Medal
M,Serbia,Tennis,Gold Medal
M,Spain,Tennis,Silver Medal
W,Italy,Tennis,Gold Medal
W,AIN,Tennis,Silver Medal
W,Spain,Tennis,Bronze Medal
M,Netherlands,3x3 Basketball,Gold Medal
M,France,3x3 Basketball,Silver Medal
M,Lithuania,3x3 Basketball,Bronze Medal
W,Germany,3x3 Basketball,Gold Medal
W,Spain,3x3 Basketball,Silver Medal
W,United States,3x3 Basketball,Bronze Medal
M,Japan,Artistic Gymnastics,Gold Medal
M,Colombia,Artistic Gymnastics,Silver Medal
M,China,Artistic Gymnastics,Bronze Medal
M,Chinese Taipei,Artistic Gymnastics,Bronze Medal
M,China,Artistic Gymnastics,Gold Medal
M,Ukraine,Artistic Gymnastics,Silver Medal
M,Japan,Artistic Gymnastics,Bronze Medal
W,Italy,Artistic Gymnastics,Gold Medal
W,China,Artistic Gymnastics,Silver Medal
W,Italy,Artistic Gymnastics,Bronze Medal
W,Brazil,Artistic Gymnastics,Gold Medal
W,United States,Artistic Gymnastics,Silver Medal
W,Romania,Artistic Gymnastics,Bronze Medal
M,Sweden,Athletics,Gold Medal
M,United States,Athletics,Silver Medal
M,Greece,Athletics,Bronze Medal
W,Kenya,Athletics,Gold Medal
W,Kenya,Athletics,Silver Medal
W,Netherlands,Athletics,Bronze Medal
W,Great Britain,Athletics,Gold Medal
W,Ethiopia,Athletics,Silver Medal
W,Kenya,Athletics,Bronze Medal
W,United States,Athletics,Gold Medal
W,China,Athletics,Silver Medal
W,Croatia,Athletics,Bronze Medal
M,Denmark,Badminton,Gold Medal
M,Thailand,Badminton,Silver Medal
M,Malaysia,Badminton,Bronze Medal
W,Korea,Badminton,Gold Medal
W,China,Badminton,Silver Medal
M,New Zealand,Canoe Slalom,Gold Medal
M,Great Britain,Canoe Slalom,Silver Medal
M,Germany,Canoe Slalom,Bronze Medal
W,Australia,Canoe Slalom,Gold Medal
W,France,Canoe Slalom,Silver Medal
W,Great Britain,Canoe Slalom,Bronze Medal
W,Great Britain,Cycling Track,Gold Medal
W,New Zealand,Cycling Track,Silver Medal
W,Germany,Cycling Track,Bronze Medal
M,China,Shooting,Gold Medal
M,Korea,Shooting,Silver Medal
M,China,Shooting,Bronze Medal
X,Italy,Shooting,Gold Medal
X,United States,Shooting,Silver Medal
X,China,Shooting,Bronze Medal
M,France,Surfing,Gold Medal
M,Australia,Surfing,Silver Medal
M,Brazil,Surfing,Bronze Medal
W,United States,Surfing,Gold Medal
W,Brazil,Surfing,Silver Medal
W,France,Surfing,Bronze Medal
X,Germany,Triathlon,Gold Medal
X,United States,Triathlon,Silver Medal
X,Great Britain,Triathlon,Bronze Medal
M,United States,Athletics,Gold Medal
M,Great Britain,Athletics,Silver Medal
M,United States,Athletics,Bronze Medal
M,Greece,Athletics,Gold Medal
M,Jamaica,Athletics,Silver Medal
M,Italy,Athletics,Bronze Medal
W,United States,Athletics,Gold Medal
W,Saint Lucia,Athletics,Silver Medal
W,United States,Athletics,Bronze Medal
W,Bahrain,Athletics,Gold Medal
W,Uganda,Athletics,Silver Medal
W,Kenya,Athletics,Bronze Medal
W,Canada,Athletics,Gold Medal
W,United States,Athletics,Silver Medal
W,China,Athletics,Bronze Medal
M,United States,Boxing,Bronze Medal
M,Great Britain,Boxing,Bronze Medal
W,Kazakhstan,Boxing,Bronze Medal
W,Philippines,Boxing,Bronze Medal
W,Ireland,Boxing,Gold Medal
W,China,Boxing,Silver Medal
W,Thailand,Boxing,Bronze Medal
W,Chinese Taipei,Boxing,Bronze Medal
M,Netherlands,Cycling Track,Gold Medal
M,Great Britain,Cycling Track,Silver Medal
M,Australia,Cycling Track,Bronze Medal
W,China,Diving,Gold Medal
W,China,Diving,Silver Medal
W,DPR Korea,Diving,Bronze Medal
O,Germany,Equestrian,Gold Medal
O,Switzerland,Equestrian,Silver Medal
O,Netherlands,Equestrian,Bronze Medal
W,Australia,Skateboarding,Gold Medal
W,Japan,Skateboarding,Silver Medal
W,Great Britain,Skateboarding,Bronze Medal
M,Cuba,Wrestling,Gold Medal
M,Chile,Wrestling,Silver Medal
M,IR Iran,Wrestling,Bronze Medal
M,China,Wrestling,Bronze Medal
M,Japan,Wrestling,Gold Medal
M,China,Wrestling,Silver Medal
M,Kyrgyzstan,Wrestling,Bronze Medal
M,DPR Korea,Wrestling,Bronze Medal
W,United States,Wrestling,Gold Medal
W,Kyrgyzstan,Wrestling,Silver Medal
W,Türkiye,Wrestling,Bronze Medal
W,Japan,Wrestling,Bronze Medal
O,China,Artistic Swimming,Gold Medal
O,United States,Artistic Swimming,Silver Medal
O,Spain,Artistic Swimming,Bronze Medal
X,Spain,Athletics,Gold Medal
X,Ecuador,Athletics,Silver Medal
X,Australia,Athletics,Bronze Medal
M,Morocco,Athletics,Gold Medal
M,United States,Athletics,Silver Medal
M,Kenya,Athletics,Bronze Medal
M,United States,Athletics,Gold Medal
M,Great Britain,Athletics,Silver Medal
M,Zambia,Athletics,Bronze Medal
M,Jamaica,Athletics,Gold Medal
M,Lithuania,Athletics,Silver Medal
M,Australia,Athletics,Bronze Medal
W,Australia,Athletics,Gold Medal
W,United States,Athletics,Silver Medal
W,Canada,Athletics,Bronze Medal
M,Germany,Boxing,Bronze Medal
M,France,Boxing,Bronze Medal
M,Cuba,Boxing,Gold Medal
M,France,Boxing,Silver Medal
M,Ukraine,Boxing,Gold Medal
M,Kazakhstan,Boxing,Silver Medal
W,Türkiye,Boxing,Bronze Medal
W,Philippines,Boxing,Bronze Medal
M,Australia,Cycling Track,Gold Medal
M,Great Britain,Cycling Track,Silver Medal
M,Italy,Cycling Track,Bronze Medal
W,United States,Cycling Track,Gold Medal
W,New Zealand,Cycling Track,Silver Medal
W,Great Britain,Cycling Track,Bronze Medal
M,Australia,Sailing,Gold Medal
M,Cyprus,Sailing,Silver Medal
M,Peru,Sailing,Bronze Medal
W,Netherlands,Sailing,Gold Medal
W,Denmark,Sailing,Silver Medal
W,Norway,Sailing,Bronze Medal
M,Australia,Skateboarding,Gold Medal
M,United States,Skateboarding,Silver Medal
M,Brazil,Skateboarding,Bronze Medal
W,Poland,Sport Climbing,Gold Medal
W,China,Sport Climbing,Silver Medal
W,Poland,Sport Climbing,Bronze Medal
M,Korea,Taekwondo,Gold Medal
M,Azerbaijan,Taekwondo,Silver Medal
M,France,Taekwondo,Bronze Medal
M,Tunisia,Taekwondo,Bronze Medal
W,Thailand,Taekwondo,Gold Medal
W,China,Taekwondo,Silver Medal
W,IR Iran,Taekwondo,Bronze Medal
W,Croatia,Taekwondo,Bronze Medal
M,China,Weightlifting,Gold Medal
M,Thailand,Weightlifting,Silver Medal
M,United States,Weightlifting,Bronze Medal
W,China,Weightlifting,Gold Medal
W,Romania,Weightlifting,Silver Medal
W,Thailand,Weightlifting,Bronze Medal
M,Japan,Wrestling,Gold Medal
M,Kazakhstan,Wrestling,Silver Medal
M,Armenia,Wrestling,Bronze Medal
M,Kyrgyzstan,Wrestling,Bronze Medal
M,IR Iran,Wrestling,Gold Medal
M,Armenia,Wrestling,Silver Medal
M,Cuba,Wrestling,Bronze Medal
M,Kyrgyzstan,Wrestling,Bronze Medal
W,United States,Wrestling,Gold Medal
W,Cuba,Wrestling,Silver Medal
W,Japan,Wrestling,Bronze Medal
W,China,Wrestling,Bronze Medal
M,United States,Athletics,Gold Medal
M,United States,Athletics,Silver Medal
M,Jamaica,Athletics,Bronze Medal
M,Botswana,Athletics,Gold Medal
M,United States,Athletics,Silver Medal
M,United States,Athletics,Bronze Medal
M,Pakistan,Athletics,Gold Medal
M,India,Athletics,Silver Medal
M,Grenada,Athletics,Bronze Medal
W,United States,Athletics,Gold Medal
W,United States,Athletics,Silver Medal
W,Netherlands,Athletics,Bronze Medal
W,United States,Athletics,Gold Medal
W,Germany,Athletics,Silver Medal
W,United States,Athletics,Bronze Medal
M,Uzbekistan,Boxing,Gold Medal
M,France,Boxing,Silver Medal
M,Australia,Boxing,Bronze Medal
M,Bulgaria,Boxing,Bronze Medal
W,China,Boxing,Gold Medal
W,Türkiye,Boxing,Silver Medal
W,Australia,Boxing,Bronze Medal
W,EOR,Boxing,Bronze Medal
M,China,Canoe Sprint,Gold Medal
M,Italy,Canoe Sprint,Silver Medal
M,Spain,Canoe Sprint,Bronze Medal
M,Germany,Canoe Sprint,Gold Medal
M,Australia,Canoe Sprint,Silver Medal
M,Spain,Canoe Sprint,Bronze Medal
W,New Zealand,Canoe Sprint,Gold Medal
W,Germany,Canoe Sprint,Silver Medal
W,Hungary,Canoe Sprint,Bronze Medal
M,France,Cycling Track,Gold Medal
M,Portugal,Cycling Track,Silver Medal
M,Belgium,Cycling Track,Bronze Medal
W,New Zealand,Cycling Track,Gold Medal
W,Netherlands,Cycling Track,Silver Medal
W,Great Britain,Cycling Track,Bronze Medal
M,China,Diving,Gold Medal
M,China,Diving,Silver Medal
M,Mexico,Diving,Bronze Medal
M,Morocco,Football,Bronze Medal
M,Netherlands,Hockey,Gold Medal
M,Germany,Hockey,Silver Medal
M,India,Hockey,Bronze Medal
W,Netherlands,Marathon Swimming,Gold Medal
W,Australia,Marathon Swimming,Silver Medal
W,Italy,Marathon Swimming,Bronze Medal
X,Austria,Sailing,Gold Medal
X,Japan,Sailing,Silver Medal
X,Sweden,Sailing,Bronze Medal
X,Italy,Sailing,Gold Medal
X,Argentina,Sailing,Silver Medal
X,New Zealand,Sailing,Bronze Medal
W,Great Britain,Sailing,Gold Medal
W,France,Sailing,Silver Medal
W,Netherlands,Sailing,Bronze Medal
M,Indonesia,Sport Climbing,Gold Medal
M,China,Sport Climbing,Silver Medal
M,United States,Sport Climbing,Bronze Medal
M,Uzbekistan,Taekwondo,Gold Medal
M,Jordan,Taekwondo,Silver Medal
M,China,Taekwondo,Bronze Medal
M,Brazil,Taekwondo,Bronze Medal
W,Korea,Taekwondo,Gold Medal
W,IR Iran,Taekwondo,Silver Medal
W,Canada,Taekwondo,Bronze Medal
W,Bulgaria,Taekwondo,Bronze Medal
M,Indonesia,Weightlifting,Gold Medal
M,Thailand,Weightlifting,Silver Medal
M,Bulgaria,Weightlifting,Bronze Medal
W,China,Weightlifting,Gold Medal
W,Canada,Weightlifting,Silver Medal
W,Chinese Taipei,Weightlifting,Bronze Medal
M,IR Iran,Wrestling,Gold Medal
M,Ukraine,Wrestling,Silver Medal
M,Azerbaijan,Wrestling,Bronze Medal
M,Cuba,Wrestling,Bronze Medal
M,Bulgaria,Wrestling,Gold Medal
M,IR Iran,Wrestling,Silver Medal
M,Ukraine,Wrestling,Bronze Medal
M,Denmark,Wrestling,Bronze Medal
W,Japan,Wrestling,Gold Medal
W,Ecuador,Wrestling,Silver Medal
W,DPR Korea,Wrestling,Bronze Medal
W,China,Wrestling,Bronze Medal
M,Canada,Athletics,Gold Medal
M,South Africa,Athletics,Silver Medal
M,Great Britain,Athletics,Bronze Medal
M,United States,Athletics,Gold Medal
M,Norway,Athletics,Silver Medal
M,Brazil,Athletics,Bronze Medal
M,Spain,Athletics,Gold Medal
M,Portugal,Athletics,Silver Medal
M,Italy,Athletics,Bronze Medal
W,Kenya,Athletics,Gold Medal
W,Italy,Athletics,Silver Medal
W,Netherlands,Athletics,Bronze Medal
W,United States,Athletics,Gold Medal
W,Great Britain,Athletics,Silver Medal
W,Germany,Athletics,Bronze Medal
W,Dominican Republic,Athletics,Gold Medal
W,Bahrain,Athletics,Silver Medal
W,Poland,Athletics,Bronze Medal
W,Germany,Athletics,Gold Medal
W,New Zealand,Athletics,Silver Medal
W,China,Athletics,Bronze Medal
W,Brazil,Beach Volleyball,Gold Medal
W,Canada,Beach Volleyball,Silver Medal
W,Switzerland,Beach Volleyball,Bronze Medal
M,Uzbekistan,Boxing,Gold Medal
M,Mexico,Boxing,Silver Medal
M,Uzbekistan,Boxing,Gold Medal
M,Azerbaijan,Boxing,Silver Medal
W,China,Boxing,Gold Medal
W,Türkiye,Boxing,Silver Medal
W,Algeria,Boxing,Gold Medal
W,China,Boxing,Silver Medal
W,China,Boxing,Silver Medal
W,Japan,Breaking,Gold Medal
W,Lithuania,Breaking,Silver Medal
W,China,Breaking,Bronze Medal
M,Czechia,Canoe Sprint,Gold Medal
M,Brazil,Canoe Sprint,Silver Medal
M,Republic of Moldova,Canoe Sprint,Bronze Medal
M,Germany,Canoe Sprint,Gold Medal
M,Hungary,Canoe Sprint,Silver Medal
M,Australia,Canoe Sprint,Bronze Medal
W,China,Canoe Sprint,Gold Medal
W,Ukraine,Canoe Sprint,Silver Medal
W,Canada,Canoe Sprint,Bronze Medal
W,New Zealand,Canoe Sprint,Gold Medal
W,Hungary,Canoe Sprint,Silver Medal
W,Germany,Canoe Sprint,Bronze Medal
W,Hungary,Canoe Sprint,Bronze Medal
M,Netherlands,Cycling Track,Gold Medal
M,Australia,Cycling Track,Silver Medal
M,Great Britain,Cycling Track,Bronze Medal
W,Italy,Cycling Track,Gold Medal
W,Great Britain,Cycling Track,Silver Medal
W,Netherlands,Cycling Track,Bronze Medal
W,China,Diving,Gold Medal
W,Australia,Diving,Silver Medal
W,China,Diving,Bronze Medal
M,Spain,Football,Gold Medal
M,France,Football,Silver Medal
W,Germany,Football,Bronze Medal
W,Netherlands,Hockey,Gold Medal
W,China,Hockey,Silver Medal
W,Argentina,Hockey,Bronze Medal
M,Hungary,Marathon Swimming,Gold Medal
M,Germany,Marathon Swimming,Silver Medal
M,Hungary,Marathon Swimming,Bronze Medal
M,Austria,Sailing,Gold Medal
M,Slovenia,Sailing,Silver Medal
M,Singapore,Sailing,Bronze Medal
M,Great Britain,Sport Climbing,Gold Medal
M,Japan,Sport Climbing,Silver Medal
M,Austria,Sport Climbing,Bronze Medal
M,China,Table Tennis,Gold Medal
M,Sweden,Table Tennis,Silver Medal
M,France,Table Tennis,Bronze Medal
M,Tunisia,Taekwondo,Gold Medal
M,IR Iran,Taekwondo,Silver Medal
M,Italy,Taekwondo,Bronze Medal
M,Denmark,Taekwondo,Bronze Medal
W,Hungary,Taekwondo,Gold Medal
W,Serbia,Taekwondo,Silver Medal
W,United States,Taekwondo,Bronze Medal
W,Belgium,Taekwondo,Bronze Medal
M,United States,Volleyball,Bronze Medal
M,Bulgaria,Weightlifting,Gold Medal
M,Colombia,Weightlifting,Silver Medal
M,Italy,Weightlifting,Bronze Medal
W,United States,Weightlifting,Gold Medal
W,Colombia,Weightlifting,Silver Medal
W,Ecuador,Weightlifting,Bronze Medal
M,Japan,Wrestling,Gold Medal
M,United States,Wrestling,Silver Medal
M,India,Wrestling,Bronze Medal
M,Uzbekistan,Wrestling,Bronze Medal
M,Bulgaria,Wrestling,Gold Medal
M,IR Iran,Wrestling,Silver Medal
M,United States,Wrestling,Bronze Medal
M,Greece,Wrestling,Bronze Medal
W,Japan,Wrestling,Gold Medal
W,Republic of Moldova,Wrestling,Silver Medal
W,United States,Wrestling,Bronze Medal
W,China,Wrestling,Bronze Medal
W,China,Artistic Swimming,Gold Medal
W,Great Britain,Artistic Swimming,Silver Medal
W,Netherlands,Artistic Swimming,Bronze Medal
M,United States,Athletics,Gold Medal
M,Botswana,Athletics,Silver Medal
M,Great Britain,Athletics,Bronze Medal
M,Norway,Athletics,Gold Medal
M,Kenya,Athletics,Silver Medal
M,United States,Athletics,Bronze Medal
M,Kenya,Athletics,Gold Medal
M,Canada,Athletics,Silver Medal
M,Algeria,Athletics,Bronze Medal
M,New Zealand,Athletics,Gold Medal
M,United States,Athletics,Silver Medal
M,Qatar,Athletics,Bronze Medal
M,Ethiopia,Athletics,Gold Medal
M,Belgium,Athletics,Silver Medal
M,Kenya,Athletics,Bronze Medal
W,United States,Athletics,Gold Medal
W,France,Athletics,Silver Medal
W,Puerto Rico,Athletics,Bronze Medal
W,Kenya,Athletics,Gold Medal
W,Australia,Athletics,Silver Medal
W,Great Britain,Athletics,Bronze Medal
W,United States,Athletics,Gold Medal
W,Netherlands,Athletics,Silver Medal
W,Great Britain,Athletics,Bronze Medal
W,Japan,Athletics,Gold Medal
W,South Africa,Athletics,Silver Medal
W,Czechia,Athletics,Bronze Medal
M,United States,Basketball,Gold Medal
M,France,Basketball,Silver Medal
M,Serbia,Basketball,Bronze Medal
M,Sweden,Beach Volleyball,Gold Medal
M,Germany,Beach Volleyball,Silver Medal
M,Norway,Beach Volleyball,Bronze Medal
M,Uzbekistan,Boxing,Gold Medal
M,Spain,Boxing,Silver Medal
M,Uzbekistan,Boxing,Gold Medal
M,Kyrgyzstan,Boxing,Silver Medal
W,Chinese Taipei,Boxing,Gold Medal
W,Poland,Boxing,Silver Medal
W,China,Boxing,Gold Medal
W,Panama,Boxing,Silver Medal
M,Canada,Breaking,Gold Medal
M,France,Breaking,Silver Medal
M,United States,Breaking,Bronze Medal
M,Czechia,Canoe Sprint,Gold Medal
M,Hungary,Canoe Sprint,Silver Medal
M,Hungary,Canoe Sprint,Bronze Medal
W,Canada,Canoe Sprint,Gold Medal
W,United States,Canoe Sprint,Silver Medal
W,Cuba,Canoe Sprint,Bronze Medal
W,New Zealand,Canoe Sprint,Gold Medal
W,Hungary,Canoe Sprint,Silver Medal
W,Denmark,Canoe Sprint,Bronze Medal
M,Portugal,Cycling Track,Gold Medal
M,Italy,Cycling Track,Silver Medal
M,Denmark,Cycling Track,Bronze Medal
M,China,Diving,Gold Medal
M,Japan,Diving,Silver Medal
M,Great Britain,Diving,Bronze Medal
W,United States,Football,Gold Medal
W,Brazil,Football,Silver Medal
W,New Zealand,Golf,Gold Medal
W,Germany,Golf,Silver Medal
W,China,Golf,Bronze Medal
W,Norway,Handball,Gold Medal
W,France,Handball,Silver Medal
W,Denmark,Handball,Bronze Medal
M,Egypt,Modern Pentathlon,Gold Medal
M,Japan,Modern Pentathlon,Silver Medal
M,Italy,Modern Pentathlon,Bronze Medal
W,Slovenia,Sport Climbing,Gold Medal
W,United States,Sport Climbing,Silver Medal
W,Austria,Sport Climbing,Bronze Medal
W,China,Table Tennis,Gold Medal
W,Japan,Table Tennis,Silver Medal
W,Korea,Table Tennis,Bronze Medal
M,IR Iran,Taekwondo,Gold Medal
M,Great Britain,Taekwondo,Silver Medal
M,Cuba,Taekwondo,Bronze Medal
M,Côte d'Ivoire,Taekwondo,Bronze Medal
W,France,Taekwondo,Gold Medal
W,Uzbekistan,Taekwondo,Silver Medal
W,Korea,Taekwondo,Bronze Medal
W,Türkiye,Taekwondo,Bronze Medal
M,France,Volleyball,Gold Medal
M,Poland,Volleyball,Silver Medal
W,Brazil,Volleyball,Bronze Medal
W,Spain,Water Polo,Gold Medal
W,Australia,Water Polo,Silver Medal
W,Netherlands,Water Polo,Bronze Medal
M,Georgia,Weightlifting,Gold Medal
M,Armenia,Weightlifting,Silver Medal
M,Bahrain,Weightlifting,Bronze Medal
M,China,Weightlifting,Gold Medal
M,Uzbekistan,Weightlifting,Silver Medal
M,AIN,Weightlifting,Bronze Medal
W,Norway,Weightlifting,Gold Medal
W,Egypt,Weightlifting,Silver Medal
W,Ecuador,Weightlifting,Bronze Medal
M,Georgia,Wrestling,Gold Medal
M,IR Iran,Wrestling,Silver Medal
M,Türkiye,Wrestling,Bronze Medal
M,Azerbaijan,Wrestling,Bronze Medal
M,Uzbekistan,Wrestling,Gold Medal
M,Japan,Wrestling,Silver Medal
M,United States,Wrestling,Bronze Medal
M,Albania,Wrestling,Bronze Medal
W,Japan,Wrestling,Gold Medal
W,Ukraine,Wrestling,Silver Medal
W,Kyrgyzstan,Wrestling,Bronze Medal
W,Norway,Wrestling,Bronze Medal
W,Netherlands,Athletics,Gold Medal
W,Ethiopia,Athletics,Silver Medal
W,Kenya,Athletics,Bronze Medal
W,United States,Basketball,Gold Medal
W,France,Basketball,Silver Medal
W,Australia,Basketball,Bronze Medal
M,Netherlands,Cycling Track,Gold Medal
M,Australia,Cycling Track,Silver Medal
M,Australia,Cycling Track,Bronze Medal
W,United States,Cycling Track,Gold Medal
W,Poland,Cycling Track,Silver Medal
W,New Zealand,Cycling Track,Bronze Medal
W,New Zealand,Cycling Track,Gold Medal
W,Germany,Cycling Track,Silver Medal
W,Great Britain,Cycling Track,Bronze Medal
M,Denmark,Handball,Gold Medal
M,Germany,Handball,Silver Medal
M,Spain,Handball,Bronze Medal
W,Hungary,Modern Pentathlon,Gold Medal
W,France,Modern Pentathlon,Silver Medal
W,Korea,Modern Pentathlon,Bronze Medal
W,Italy,Volleyball,Gold Medal
W,United States,Volleyball,Silver Medal
M,Serbia,Water Polo,Gold Medal
M,Croatia,Water Polo,Silver Medal
M,United States,Water Polo,Bronze Medal
W,China,Weightlifting,Gold Medal
W,Korea,Weightlifting,Silver Medal
W,Great Britain,Weightlifting,Bronze Medal
M,Japan,Wrestling,Gold Medal
M,IR Iran,Wrestling,Silver Medal
M,Puerto Rico,Wrestling,Bronze Medal
M,Albania,Wrestling,Bronze Medal
M,Bahrain,Wrestling,Gold Medal
M,Georgia,Wrestling,Silver Medal
M,Azerbaijan,Wrestling,Bronze Medal
M,IR Iran,Wrestling,Bronze Medal
W,Japan,Wrestling,Gold Medal
W,United States,Wrestling,Silver Medal
W,Cuba,Wrestling,Bronze Medal
W,Colombia,Wrestling,Bronze Medal
W,China,Rhythmic Gymnastics,Gold Medal
W,Israel,Rhythmic Gymnastics,Silver Medal
W,Italy,Rhythmic Gymnastics,Bronze Medal
W,Germany,Rhythmic Gymnastics,Gold Medal
W,Bulgaria,Rhythmic Gymnastics,Silver Medal
W,Italy,Rhythmic Gymnastics,Bronze Medal
W,Belgium,Athletics,Gold Medal
W,Great Britain,Athletics,Silver Medal
W,Belgium,Athletics,Bronze Medal
